featureID	GoldSet MethodID Position	GoldSetMethodID	VSM GoldSetMethodID Rank - All Ranks	VSM GoldSetMethodID Rank - Best Rank
950961	685	org.gjt.sp.jedit.buffer.BufferAdapter.preContentInserted(JEditBuffer,int,int,int,int)	496	18
	705	org.gjt.sp.jedit.buffer.BufferChangeListener.Adapter.preContentInserted(JEditBuffer,int,int,int,int)	495	
	2965	org.gjt.sp.jedit.buffer.JEditBuffer.fireFoldLevelChanged(int,int)	125	
	2966	org.gjt.sp.jedit.buffer.JEditBuffer.fireContentInserted(int,int,int,int)	986	
	2967	org.gjt.sp.jedit.buffer.JEditBuffer.fireContentRemoved(int,int,int,int)	970	
	2968	org.gjt.sp.jedit.buffer.JEditBuffer.firePreContentInserted(int,int,int,int)	991	
	2969	org.gjt.sp.jedit.buffer.JEditBuffer.firePreContentRemoved(int,int,int,int)	978	
	2974	org.gjt.sp.jedit.buffer.JEditBuffer.fireTransactionComplete()	2278	
	2975	org.gjt.sp.jedit.buffer.JEditBuffer.fireFoldHandlerChanged()	124	
	2976	org.gjt.sp.jedit.buffer.JEditBuffer.fireBufferLoaded()	3460	
	2979	org.gjt.sp.jedit.buffer.JEditBuffer.loadText(Segment,IntegerArray)	976	
	2985	org.gjt.sp.jedit.buffer.JEditBuffer.contentInserted(int,int,IntegerArray)	681	
	716	org.gjt.sp.jedit.textarea.BufferHandler.contentInserted(JEditBuffer,int,int,int,int)	146	
	717	org.gjt.sp.jedit.textarea.BufferHandler.preContentInserted(JEditBuffer,int,int,int,int)	115	
	718	org.gjt.sp.jedit.textarea.BufferHandler.preContentRemoved(JEditBuffer,int,int,int,int)	114	
	723	org.gjt.sp.jedit.textarea.BufferHandler.getReadyToBreakFold(int)	18	
	719	org.gjt.sp.jedit.textarea.BufferHandler.contentRemoved(JEditBuffer,int,int,int,int)	148	
	4501	org.gjt.sp.jedit.textarea.RangeMap.RangeMap(RangeMap)	5257	
	4507	org.gjt.sp.jedit.textarea.RangeMap.put(int,int,int[])	979	
	4514	org.gjt.sp.jedit.textarea.RangeMap.dump()	391	
981012	904	org.gjt.sp.jedit.syntax.Chunk.init(Segment,TabExpander,float,FontRenderContext)	574	574
1193683	717	org.gjt.sp.jedit.textarea.BufferHandler.preContentInserted(JEditBuffer,int,int,int,int)	223	62
	718	org.gjt.sp.jedit.textarea.BufferHandler.preContentRemoved(JEditBuffer,int,int,int,int)	281	
	723	org.gjt.sp.jedit.textarea.BufferHandler.getReadyToBreakFold(int)	62	
1292706	2043	org.gjt.sp.jedit.GUIUtilities.loadGeometry(Window,String)	1568	418
	2049	org.gjt.sp.jedit.GUIUtilities.saveGeometry(Window,String)	418	
1382388	3511	org.gjt.sp.jedit.Mode.Mode(String)	5239	341
	3520	org.gjt.sp.jedit.Mode.setProperties(Map)	2485	
	3526	org.gjt.sp.jedit.Mode.getIgnoreWhitespace()	5249	
	3529	org.gjt.sp.jedit.Mode.initIndentRules()	1093	
	2887	org.gjt.sp.jedit.buffer.JEditBuffer.getPriorNonEmptyLine(int)	875	
	2911	org.gjt.sp.jedit.buffer.JEditBuffer.isElectricKey(char)	2025	
	2415	org.gjt.sp.jedit.indent.IndentAction.NoIncrease.calculateIndent(JEditBuffer,int,int,int)	341	
	2416	org.gjt.sp.jedit.indent.IndentAction.NoIncrease.keepChecking()	5117	
	6072	org.gjt.sp.jedit.indent.WhitespaceRule.apply(JEditBuffer,int,int,int,List<IndentAction>)	835	
1500938	4767	org.gjt.sp.jedit.search.SearchDialog.showSearchDialog(View,String,int)	19	4
	4768	org.gjt.sp.jedit.search.SearchDialog.setSearchString(String,int)	4	
1520769	204	org.gjt.sp.jedit.Autosave.actionPerformed(ActionEvent)	33	10
	620	org.gjt.sp.jedit.Buffer.removeAutosaveFile()	40	
	4688	org.gjt.sp.jedit.options.SaveBackupOptionPane._init()	12	
	4689	org.gjt.sp.jedit.options.SaveBackupOptionPane._save()	10	
1520774	3506	org.gjt.sp.jedit.MiscUtilities.getPathStart(String)	358	358
1533473	1555	org.gjt.sp.jedit.EditPane.saveCaretInfo()	375	191
	1556	org.gjt.sp.jedit.EditPane.loadCaretInfo()	191	
1536064	2054	org.gjt.sp.jedit.GUIUtilities.requestFocus(Window,Component)	346	346
1538051	2776	org.gjt.sp.jedit.jEdit.showMemoryDialog(View)	2	2
	5012	org.gjt.sp.jedit.gui.StatusBar.propertiesChanged()	2257	
	5015	org.gjt.sp.jedit.gui.StatusBar.statusUpdate(WorkThreadPool,int)	1121	
	5021	org.gjt.sp.jedit.gui.StatusBar.updateBufferStatus()	4264	
	-1	org.gjt.sp.jedit.gui.StatusBar.MemoryStatus.getToolTipText()		
	-1	org.gjt.sp.jedit.gui.StatusBar.MemoryStatus.paintComponent(Graphics)		
1538702	2042	org.gjt.sp.jedit.GUIUtilities.loadGeometry(Window,Container,String)	856	1
	2043	org.gjt.sp.jedit.GUIUtilities.loadGeometry(Window,String)	835	
	2049	org.gjt.sp.jedit.GUIUtilities.saveGeometry(Window,String)	978	
	2050	org.gjt.sp.jedit.GUIUtilities.saveGeometry(Window,Container,String)	1008	
	-1	org.gjt.sp.jedit.GUIUtilities.addSizeSaver(Window,String)		
	-1	org.gjt.sp.jedit.GUIUtilities.addSizeSaver(Window,Container,String)		
	-1	org.gjt.sp.jedit.GUIUtilities.SizeSaver.SizeSaver(Window,String)		
	-1	org.gjt.sp.jedit.GUIUtilities.SizeSaver.SizeSaver(Window,Container,String)		
	2077	org.gjt.sp.jedit.GUIUtilities.SizeSaver.windowStateChanged(WindowEvent)	1098	
	2080	org.gjt.sp.jedit.GUIUtilities.SizeSaver.componentMoved(ComponentEvent)	5875	
	-1	org.gjt.sp.jedit.PluginJAR.load(boolean)		
	4266	org.gjt.sp.jedit.PluginJAR.load(String,boolean)	101	
	4268	org.gjt.sp.jedit.PluginJAR.findPlugin(String)	145	
	4269	org.gjt.sp.jedit.PluginJAR.containsClass(String)	6102	
	-1	org.gjt.sp.jedit.PluginJAR.jarCompare(String,String)		
	-1	org.gjt.sp.jedit.PluginJAR.loadDependencies(String)		
	4278	org.gjt.sp.jedit.PluginJAR.checkDependencies()	3	
	-1	org.gjt.sp.jedit.PluginJAR.transitiveClosure(Set<String>,Set<String>)		
	4281	org.gjt.sp.jedit.PluginJAR.transitiveClosure(String[],List<String>)	92	
	4282	org.gjt.sp.jedit.PluginJAR.getDependentPlugins()	129	
	4285	org.gjt.sp.jedit.PluginJAR.activatePluginIfNecessary()	1	
	4293	org.gjt.sp.jedit.PluginJAR.init()	146	
	6027	org.gjt.sp.jedit.View.View(Buffer,ViewConfig)	435	
	1694	org.gjt.sp.jedit.gui.ErrorListDialog.ActionHandler.actionPerformed(ActionEvent)	83	
	-1	org.gjt.sp.jedit.gui.FloatingWindowContainer.register(DockableWindowManager.Entry)		
	2707	org.gjt.sp.jedit.jEdit.getPlugin(String,boolean)	9	
	2711	org.gjt.sp.jedit.jEdit.addPluginJAR(String)	64	
	3328	org.gjt.sp.jedit.pluginmgr.ManagePanel.ManagePanel(PluginManager)	295	
	-1	org.gjt.sp.jedit.pluginmgr.ManagePanel.PluginTableModel.toggleCurrentRow()		
	3344	org.gjt.sp.jedit.pluginmgr.ManagePanel.PluginTableModel.setValueAt(Object,int,int)	256	
	3348	org.gjt.sp.jedit.pluginmgr.ManagePanel.PluginTableModel.unloadPluginJARWithDialog(PluginJAR)	68	
	3349	org.gjt.sp.jedit.pluginmgr.ManagePanel.PluginTableModel.unloadPluginJAR(PluginJAR)	44	
	3368	org.gjt.sp.jedit.pluginmgr.ManagePanel.HelpButton.valueChanged(ListSelectionEvent)	287	
	-1	org.gjt.sp.jedit.pluginmgr.ManagePanel.KeyHandler.keyTyped(KeyEvent)		
	-1	org.gjt.sp.jedit.pluginmgr.ManagePanel.KeyHandler.keyPressed(KeyEvent)		
	-1	org.gjt.sp.jedit.pluginmgr.ManagePanel.KeyHandler.keyReleased(KeyEvent)		
	4352	org.gjt.sp.jedit.pluginmgr.PluginManager.showPluginManager(Frame)	100	
	4356	org.gjt.sp.jedit.pluginmgr.PluginManager.PluginManager(Frame)	75	
	-1	org.gjt.sp.jedit.pluginmgr.PluginManager.PluginManager()		
	4357	org.gjt.sp.jedit.pluginmgr.PluginManager.init()	93	
	4679	org.gjt.sp.jedit.pluginmgr.Roster.Remove.unloadPluginJAR(PluginJAR)	118	
1538743	5590	org.gjt.sp.jedit.options.ToolBarEditDialog.ToolBarEditDialog(Component,DefaultComboBoxModel,ToolBarOptionPane.Button)	109	17
	5595	org.gjt.sp.jedit.options.ToolBarEditDialog.updateList()	17	
1541009	2324	org.gjt.sp.jedit.search.HyperSearchRequest.doHyperSearch(Buffer,int,int,DefaultMutableTreeNode)	81	16
	4248	org.gjt.sp.jedit.search.PatternSearchMatcher.nextMatch(CharSequence,boolean,boolean,boolean,boolean)	252	
	-1	org.gjt.sp.jedit.search.PatternSearchMatcher.isMatchingEOL()		
	4730	org.gjt.sp.jedit.search.SearchAndReplace.find(View)	141	
	4733	org.gjt.sp.jedit.search.SearchAndReplace.replace(View)	16	
	4744	org.gjt.sp.jedit.search.SearchAndReplace._replace(View,JEditBuffer,SearchMatcher,int,int,boolean)	52	
	-1	org.gjt.sp.jedit.search.SearchAndReplace._replace(View,Buffer,SearchMatcher,int,int,boolean)		
	-1	org.gjt.sp.jedit.search.SearchAndReplace.replaceOne(View,Buffer,SearchMatcher.Match,int,String,boolean)		
	-1	org.gjt.sp.jedit.search.SearchMatcher.isMatchingEOL()		
1541372	2130	org.gjt.sp.jedit.textarea.Gutter.MouseHandler.mousePressed(MouseEvent)	78	78
	-1	org.gjt.sp.jedit.textarea.JEditTextArea.getSelectedText(Selection)		
	-1	org.gjt.sp.jedit.textarea.JEditTextArea.collapseFold()		
	-1	org.gjt.sp.jedit.textarea.JEditTextArea.collapseFold(int)		
1542026	2825	org.gjt.sp.jedit.jEdit.MyFocusManager.postProcessKeyEvent(KeyEvent)	2984	2984
1546200	4525	org.gjt.sp.jedit.menu.RecentFilesProvider.update(JMenu)	1	1
1548902	-1	org.gjt.sp.jedit.TextUtilities.join(Collection,String)		678
	5500	org.gjt.sp.jedit.TextUtilities.findWordStart(String,int,String,boolean,boolean)	4144	
	5506	org.gjt.sp.jedit.TextUtilities.findWordEnd(String,int,String,boolean,boolean)	4148	
	5509	org.gjt.sp.jedit.TextUtilities.getCharType(char,String)	3461	
	5510	org.gjt.sp.jedit.TextUtilities.spacesToTabs(String,int)	3455	
	5511	org.gjt.sp.jedit.TextUtilities.tabsToSpaces(String,int)	3963	
	5512	org.gjt.sp.jedit.TextUtilities.format(String,int,int)	683	
	5517	org.gjt.sp.jedit.TextUtilities.formatParagraph(String,int,int,StringBuilder)	2346	
	3022	org.gjt.sp.jedit.textarea.JEditTextArea.formatParagraph()	678	
1549282	605	org.gjt.sp.jedit.Buffer.insertFile(View,String)	367	109
	609	org.gjt.sp.jedit.Buffer.save(View,String,boolean)	165	
	638	org.gjt.sp.jedit.Buffer.getDefaultProperty(String)	2488	
	681	org.gjt.sp.jedit.Buffer.finishSaving(View,String,String,String,boolean,boolean)	109	
1560006	4767	org.gjt.sp.jedit.search.SearchDialog.showSearchDialog(View,String,int)	1	1
1560584	5354	org.gjt.sp.jedit.textarea.TextArea.addExplicitFold(int,int,int,int)	477	477
1565447	2302	org.gjt.sp.jedit.search.HyperSearchFileNode.goTo(EditPane)	2770	20
	2305	org.gjt.sp.jedit.search.HyperSearchFileNode.getCount()	212	
	2306	org.gjt.sp.jedit.search.HyperSearchFileNode.setCount(int)	157	
	2320	org.gjt.sp.jedit.search.HyperSearchRequest.HyperSearchRequest(View,SearchMatcher,HyperSearchResults,Selection[])	30	
	2321	org.gjt.sp.jedit.search.HyperSearchRequest.run()	47	
	2323	org.gjt.sp.jedit.search.HyperSearchRequest.doHyperSearch(Buffer,int,int)	20	
	2388	org.gjt.sp.jedit.search.HyperSearchResults.ResultCellRenderer.getTreeCellRendererComponent(JTree,Object,boolean,boolean,boolean,int,boolean)	64	
	2389	org.gjt.sp.jedit.search.HyperSearchResults.ResultCellRenderer.CountNodes.processNode(DefaultMutableTreeNode)	77	
1569735	6129	org.gjt.sp.jedit.syntax.XModeHandler.endElement(String,String,String)	90	90
1570554	5775	org.gjt.sp.jedit.browser.VFSBrowser.setDirectory(String)	69	69
	5804	org.gjt.sp.jedit.browser.VFSBrowser.ActionHandler.actionPerformed(ActionEvent)	1314	
	5919	org.gjt.sp.jedit.browser.VFSFileChooserDialog.ok()	222	
1571629	5755	org.gjt.sp.jedit.browser.VFSBrowser.VFSBrowser(View,String,int,boolean,String)	14	14
	5802	org.gjt.sp.jedit.browser.VFSBrowser.updateFilterEnabled()	23	
	5804	org.gjt.sp.jedit.browser.VFSBrowser.ActionHandler.actionPerformed(ActionEvent)	38	
1571752	5260	org.gjt.sp.jedit.textarea.TextArea.userInput(char)	1133	83
	5354	org.gjt.sp.jedit.textarea.TextArea.addExplicitFold(int,int,int,int)	83	
1574587	-1	org.gjt.sp.jedit.buffer.JEditBuffer.getUndoManager()		1
	2876	org.gjt.sp.jedit.buffer.JEditBuffer.setDirty(boolean)	16	
	792	org.gjt.sp.jedit.bufferio.BufferSaveRequest.run()	83	
	1527	org.gjt.sp.jedit.options.EditingOptionPane._init()	104	
	1528	org.gjt.sp.jedit.options.EditingOptionPane._save()	1	
	1964	org.gjt.sp.jedit.options.GeneralOptionPane._init()	407	
	1965	org.gjt.sp.jedit.options.GeneralOptionPane._save()	542	
	-1	org.gjt.sp.jedit.buffer.UndoManager.bufferSaved()		
	5648	org.gjt.sp.jedit.buffer.UndoManager.resetClearDirty()	208	
1575505	5304	org.gjt.sp.jedit.textarea.TextArea.joinLines()	399	399
	-1	org.gjt.sp.jedit.textarea.TextArea.joinLines(Selection)		
	5356	org.gjt.sp.jedit.textarea.TextArea.joinLineAt(int)	1002	
1576535	1556	org.gjt.sp.jedit.EditPane.loadCaretInfo()	163	163
1578785	4256	org.gjt.sp.jedit.PerspectiveManager.savePerspective(boolean)	458	3
	4260	org.gjt.sp.jedit.PerspectiveManager.PerspectiveHandler.attribute(String,String)	1294	
	4262	org.gjt.sp.jedit.PerspectiveManager.PerspectiveHandler.endElement(String,String,String)	137	
	614	org.gjt.sp.jedit.Buffer.getAutoReload()	105	
	615	org.gjt.sp.jedit.Buffer.setAutoReload(boolean)	122	
	616	org.gjt.sp.jedit.Buffer.getAutoReloadDialog()	59	
	617	org.gjt.sp.jedit.Buffer.setAutoReloadDialog(boolean)	71	
	-1	org.gjt.sp.jedit.Buffer.Buffer(String,boolean,boolean,Hashtable)		
	770	org.gjt.sp.jedit.gui.BufferOptions.BufferOptions(View,Buffer)	434	
	771	org.gjt.sp.jedit.gui.BufferOptions.ok()	1419	
	773	org.gjt.sp.jedit.gui.BufferOptions.ActionHandler.actionPerformed(ActionEvent)	3710	
	2759	org.gjt.sp.jedit.jEdit.checkBufferStatus(View)	362	
	766	org.gjt.sp.jedit.options.BufferOptionPane.BufferOptionPane()	3	
	767	org.gjt.sp.jedit.options.BufferOptionPane._init()	62	
	768	org.gjt.sp.jedit.options.BufferOptionPane._save()	76	
	769	org.gjt.sp.jedit.options.BufferOptionPane.ActionHandler.actionPerformed(ActionEvent)	3708	
	1964	org.gjt.sp.jedit.options.GeneralOptionPane._init()	120	
	1965	org.gjt.sp.jedit.options.GeneralOptionPane._save()	94	
1584436	-1	org.gjt.sp.jedit.textarea.Anchor.preContentRemoved(int,int)		inf
1589360	5404	org.gjt.sp.jedit.textarea.TextAreaMouseHandler.doSingleClick(MouseEvent)	50	50
	5409	org.gjt.sp.jedit.textarea.TextAreaMouseHandler.doSingleDrag(MouseEvent)	294	
1593359	2431	org.gjt.sp.jedit.gui.InputHandler.processKeyEvent(KeyEvent,int,boolean)	61	61
1593375	1870	org.gjt.sp.jedit.gui.FilteredListModel.FilteredListModel(E)	325	14
	1871	org.gjt.sp.jedit.gui.FilteredListModel.setList(JList)	1666	
	1872	org.gjt.sp.jedit.gui.FilteredListModel.getDelegated()	5674	
	1873	org.gjt.sp.jedit.gui.FilteredListModel.setDelegated(E)	5673	
	1874	org.gjt.sp.jedit.gui.FilteredListModel.resetFilter()	39	
	1875	org.gjt.sp.jedit.gui.FilteredListModel.setFilter(String)	115	
	1876	org.gjt.sp.jedit.gui.FilteredListModel.prepareFilter(String)	16	
	1877	org.gjt.sp.jedit.gui.FilteredListModel.saveSelection()	5791	
	1878	org.gjt.sp.jedit.gui.FilteredListModel.restoreSelection(Set<Integer>)	5812	
	1879	org.gjt.sp.jedit.gui.FilteredListModel.getTrueRow(int)	1075	
	1880	org.gjt.sp.jedit.gui.FilteredListModel.getInternal2ExternalRow(int)	5810	
	1881	org.gjt.sp.jedit.gui.FilteredListModel.getElementAt(int)	5809	
	1882	org.gjt.sp.jedit.gui.FilteredListModel.getSize()	140	
	1883	org.gjt.sp.jedit.gui.FilteredListModel.contentsChanged(ListDataEvent)	49	
	1884	org.gjt.sp.jedit.gui.FilteredListModel.intervalAdded(ListDataEvent)	75	
	1885	org.gjt.sp.jedit.gui.FilteredListModel.intervalRemoved(ListDataEvent)	64	
	3255	org.gjt.sp.jedit.gui.LogViewer.LogViewer()	63	
	3261	org.gjt.sp.jedit.gui.LogViewer.setFilter()	14	
1593389	5779	org.gjt.sp.jedit.browser.VFSBrowser.delete(VFSFile[])	8	1
	1847	org.gjt.sp.jedit.io.FileVFS.recursiveDelete(File)	1	
	1861	org.gjt.sp.jedit.io.FileVFS._delete(Object,String,Component)	19	
1593464	1803	org.gjt.sp.jedit.browser.FileCellRenderer.getIconForFile(VFSFile,boolean,boolean)	6	4
	1804	org.gjt.sp.jedit.browser.FileCellRenderer.propertiesChanged()	16	
	1841	org.gjt.sp.jedit.io.FileVFS.getParentOfPath(String)	917	
	1852	org.gjt.sp.jedit.io.FileVFS.LocalFile.getIcon(boolean,boolean)	5	
	5882	org.gjt.sp.jedit.io.VFSFile.getIcon(boolean)	7	
	5883	org.gjt.sp.jedit.io.VFSFile.getIcon(boolean,boolean)	8	
	5884	org.gjt.sp.jedit.io.VFSFile.getDefaultIcon(boolean,boolean)	10	
	5885	org.gjt.sp.jedit.io.VFSFile.getDefaultIcon(boolean)	4	
	319	org.gjt.sp.jedit.options.BrowserOptionPane._init()	80	
	320	org.gjt.sp.jedit.options.BrowserOptionPane._save()	169	
1593523	2314	org.gjt.sp.jedit.search.HyperSearchOperationNode.restoreFlatNodes(JTree,DefaultMutableTreeNode)	46	46
1593526	2355	org.gjt.sp.jedit.search.HyperSearchResults.removeSelectedNode()	106	106
1593543	642	org.gjt.sp.jedit.Buffer.setMode()	1498	341
	728	org.gjt.sp.jedit.BufferHistory.setEntry(String,int,Selection[],String,String)	2266	
	732	org.gjt.sp.jedit.BufferHistory.save()	372	
	725	org.gjt.sp.jedit.BufferHistory.Entry.Entry(String,int,String,String,String)	3583	
	740	org.gjt.sp.jedit.BufferHistory.RecentHandler.endElement(String,String,String)	3577	
	1555	org.gjt.sp.jedit.EditPane.saveCaretInfo()	1378	
	2743	org.gjt.sp.jedit.jEdit._closeBuffer(View,Buffer)	427	
	2745	org.gjt.sp.jedit.jEdit.closeAllBuffers(View,boolean)	341	
	-1	org.gjt.sp.jedit.jEdit.composeBufferPropsFromHistory(Hashtable,String)		
1593576	2903	org.gjt.sp.jedit.buffer.JEditBuffer.indentLine(int,boolean)	2	2
	2906	org.gjt.sp.jedit.buffer.JEditBuffer.getIdealIndentForLine(int,int,int)	13	
	2905	org.gjt.sp.jedit.buffer.JEditBuffer.getIdealIndentForLine(int)	19	
	4997	org.gjt.sp.util.StandardUtilities.truncateWhiteSpace(int,int,String)	11	
1593735	3709	org.gjt.sp.jedit.gui.OptionsDialog.valueChanged(TreeSelectionEvent)	59	23
	3710	org.gjt.sp.jedit.gui.OptionsDialog.init(String,String)	23	
	-1	org.gjt.sp.jedit.gui.OptionsDialog.selectPane(OptionGroup,String,List)		
	3716	org.gjt.sp.jedit.gui.OptionsDialog.PaneNameRenderer.getTreeCellRendererComponent(JTree,Object,boolean,boolean,boolean,int,boolean)	179	
1594234	3699	org.gjt.sp.jedit.OptionGroup.insertionSort(String,Object)	1358	15
	4751	org.gjt.sp.jedit.search.SearchBar.SearchBar(View,boolean)	17	
	4757	org.gjt.sp.jedit.search.SearchBar.incrementalSearch(int,boolean)	15	
	4758	org.gjt.sp.jedit.search.SearchBar.timerIncrementalSearch(int,boolean)	76	
1594910	637	org.gjt.sp.jedit.Buffer.propertiesChanged()	468	33
	3527	org.gjt.sp.jedit.Mode.getIndentRules()	33	
	3528	org.gjt.sp.jedit.Mode.isElectricKey(char)	331	
	3529	org.gjt.sp.jedit.Mode.initIndentRules()	103	
	3530	org.gjt.sp.jedit.Mode.createRegexpIndentRule(String)	74	
	3531	org.gjt.sp.jedit.Mode.createBracketIndentRules(String,List<IndentRule>)	88	
	2866	org.gjt.sp.jedit.buffer.JEditBuffer.JEditBuffer(Map)	2970	
	2867	org.gjt.sp.jedit.buffer.JEditBuffer.JEditBuffer()	2617	
	2905	org.gjt.sp.jedit.buffer.JEditBuffer.getIdealIndentForLine(int)	85	
	2911	org.gjt.sp.jedit.buffer.JEditBuffer.isElectricKey(char)	154	
	2912	org.gjt.sp.jedit.buffer.JEditBuffer.isElectricKey(char,int)	45	
	2987	org.gjt.sp.jedit.buffer.JEditBuffer.getIndentRules(int)	38	
	3020	org.gjt.sp.jedit.textarea.JEditTextArea.userInput(char)	2733	
1599024	4639	org.gjt.sp.jedit.menu.ReloadWithEncodingProvider.updateEveryTime()	4784	1
	4640	org.gjt.sp.jedit.menu.ReloadWithEncodingProvider.update(JMenu)	6	
	4641	org.gjt.sp.jedit.menu.ReloadWithEncodingProvider.actionPerformed(ActionEvent)	1	
1599709	2987	org.gjt.sp.jedit.buffer.JEditBuffer.getIndentRules(int)	1641	1641
1600401	5548	org.gjt.sp.jedit.syntax.TokenMarker.handleRule(ParserRule,boolean)	2079	2079
1601718	4724	org.gjt.sp.jedit.search.SearchAndReplace.getSearchMatcher()	74	51
	4729	org.gjt.sp.jedit.search.SearchAndReplace.hyperSearch(View,boolean)	111	
	4730	org.gjt.sp.jedit.search.SearchAndReplace.find(View)	301	
	4733	org.gjt.sp.jedit.search.SearchAndReplace.replace(View)	92	
	4735	org.gjt.sp.jedit.search.SearchAndReplace.replaceAll(View)	51	
	4742	org.gjt.sp.jedit.search.SearchAndReplace.record(View,String,boolean,boolean)	71	
1608486	1576	org.gjt.sp.jedit.EditPane.initPainter(TextAreaPainter)	587	6
	5418	org.gjt.sp.jedit.options.TextAreaOptionPane._init()	116	
	5419	org.gjt.sp.jedit.options.TextAreaOptionPane._save()	315	
	5440	org.gjt.sp.jedit.textarea.TextAreaPainter.isThickCaretEnabled()	17	
	5441	org.gjt.sp.jedit.textarea.TextAreaPainter.setThickCaretEnabled(boolean)	6	
	5481	org.gjt.sp.jedit.textarea.TextAreaPainter.PaintCaret.paintValidLine(Graphics2D,int,int,int,int,int)	25	
1608948	5825	org.gjt.sp.jedit.browser.VFSBrowser.HistoryComboBoxEditor.processFocusEvent(FocusEvent)	1	1
1611766	2987	org.gjt.sp.jedit.buffer.JEditBuffer.getIndentRules(int)	1	1
1617509	1975	org.gjt.sp.jedit.io.GlobVFSFileFilter.accept(VFSFile)	90	90
	1979	org.gjt.sp.jedit.io.GlobVFSFileFilter.setGlob(String)	1206	
1620694	722	org.gjt.sp.jedit.textarea.BufferHandler.delayUpdate(int,int)	4276	112
	5109	org.gjt.sp.jedit.textarea.TextArea.TextArea(IPropertyManager,InputHandlerProvider)	112	
	5128	org.gjt.sp.jedit.textarea.TextArea.setBuffer(JEditBuffer)	407	
	5317	org.gjt.sp.jedit.textarea.TextArea.propertiesChanged()	2221	
	5325	org.gjt.sp.jedit.textarea.TextArea.foldStructureChanged()	5784	
	5333	org.gjt.sp.jedit.textarea.TextArea.finishCaretUpdate(int,int,boolean)	160	
	5420	org.gjt.sp.jedit.textarea.TextAreaPainter.setBounds(int,int,int,int)	445	
	5468	org.gjt.sp.jedit.textarea.TextAreaPainter.paint(Graphics)	1065	
1628053	1547	org.gjt.sp.jedit.EditPane.setBuffer(Buffer,boolean)	47	47
	853	org.gjt.sp.jedit.gui.BufferSwitcher.updateBufferList()	63	
1630805	4137	org.gjt.sp.jedit.syntax.ParserRule.createSequenceRule(int,String,ParserRuleSet,byte)	6051	463
	4139	org.gjt.sp.jedit.syntax.ParserRule.createRegexpSequenceRule(String,int,String,ParserRuleSet,byte,boolean)	1125	
	4140	org.gjt.sp.jedit.syntax.ParserRule.createRegexpSequenceRule(int,char[],String,ParserRuleSet,byte,boolean)	1141	
	4150	org.gjt.sp.jedit.syntax.ParserRule.createEscapeRule(String)	463	
	4151	org.gjt.sp.jedit.syntax.ParserRule.toString()	1006	
	5546	org.gjt.sp.jedit.syntax.TokenMarker.markTokens(LineContext,TokenHandler,Segment)	531	
	5547	org.gjt.sp.jedit.syntax.TokenMarker.checkDelegateEnd(ParserRule)	1267	
1638642	2068	org.gjt.sp.jedit.GUIUtilities.initContinuousLayout(JSplitPane)	1	1
	-1	org.gjt.sp.jedit.GUIUtilities.SizeSaver.SizeSaver(Frame,String)		
	5995	org.gjt.sp.jedit.View.split(int)	3	
	6037	org.gjt.sp.jedit.View.restoreSplitConfig(Buffer,String)	43	
	6038	org.gjt.sp.jedit.View.propertiesChanged()	33	
	321	org.gjt.sp.jedit.browser.BrowserView.BrowserView(VFSBrowser)	63	
	332	org.gjt.sp.jedit.browser.BrowserView.propertiesChanged()	2	
	341	org.gjt.sp.jedit.browser.BrowserView.TableMouseHandler.mouseClicked(MouseEvent)	3482	
	3710	org.gjt.sp.jedit.gui.OptionsDialog.init(String,String)	37	
	4620	org.gjt.sp.jedit.gui.RegisterViewer.RegisterViewer(View,String)	141	
	4622	org.gjt.sp.jedit.gui.RegisterViewer.handleMessage(EBMessage)	57	
	4627	org.gjt.sp.jedit.gui.RegisterViewer.refreshList()	2446	
	2212	org.gjt.sp.jedit.help.HelpViewer.HelpViewer(String)	113	
	2217	org.gjt.sp.jedit.help.HelpViewer.handleMessage(EBMessage)	531	
	189	org.gjt.sp.jedit.options.AppearanceOptionPane._init()	203	
	190	org.gjt.sp.jedit.options.AppearanceOptionPane._save()	188	
	2456	org.gjt.sp.jedit.pluginmgr.InstallPanel.InstallPanel(PluginManager,boolean)	179	
	2460	org.gjt.sp.jedit.pluginmgr.InstallPanel.formatSize(int)	5658	
1641997	1964	org.gjt.sp.jedit.options.GeneralOptionPane._init()	143	143
1642574	1575	org.gjt.sp.jedit.EditPane.propertiesChanged()	659	73
	6065	org.gjt.sp.jedit.options.ViewOptionPane._init()	73	
	6066	org.gjt.sp.jedit.options.ViewOptionPane._save()	208	
1645528	4261	org.gjt.sp.jedit.PerspectiveManager.PerspectiveHandler.skipRemote(String)	286	286
	4262	org.gjt.sp.jedit.PerspectiveManager.PerspectiveHandler.endElement(String,String,String)	428	
	1964	org.gjt.sp.jedit.options.GeneralOptionPane._init()	337	
	1965	org.gjt.sp.jedit.options.GeneralOptionPane._save()	456	
1646058	2354	org.gjt.sp.jedit.search.HyperSearchResults.goToSelectedNode(int)	4	4
	2355	org.gjt.sp.jedit.search.HyperSearchResults.removeSelectedNode()	21	
	2365	org.gjt.sp.jedit.search.HyperSearchResults.KeyHandler.keyPressed(KeyEvent)	40	
	2366	org.gjt.sp.jedit.search.HyperSearchResults.MouseHandler.mousePressed(MouseEvent)	86	
	2369	org.gjt.sp.jedit.search.HyperSearchResults.RemoveTreeNodeAction.actionPerformed(ActionEvent)	78	
1649033	2031	org.gjt.sp.jedit.GUIUtilities.showVFSFileDialog(View,String,int,boolean)	100	37
	2032	org.gjt.sp.jedit.GUIUtilities.showVFSFileDialog(Dialog,View,String,int,boolean)	92	
	5914	org.gjt.sp.jedit.browser.VFSFileChooserDialog.VFSFileChooserDialog(View,String,int,boolean,boolean)	116	
	5915	org.gjt.sp.jedit.browser.VFSFileChooserDialog.VFSFileChooserDialog(Dialog,View,String,int,boolean,boolean)	110	
	5922	org.gjt.sp.jedit.browser.VFSFileChooserDialog.getDefaultTitle()	4822	
	5923	org.gjt.sp.jedit.browser.VFSFileChooserDialog._init(View,String,int,boolean,boolean)	172	
	4788	org.gjt.sp.jedit.search.SearchDialog.MultiFileActionHandler.actionPerformed(ActionEvent)	37	
1654543	5703	org.gjt.sp.jedit.gui.VariableGridLayout.getLayoutSize(Container,LayoutSize)	4835	4835
1658252	4137	org.gjt.sp.jedit.syntax.ParserRule.createSequenceRule(int,String,ParserRuleSet,byte)	554	387
	4139	org.gjt.sp.jedit.syntax.ParserRule.createRegexpSequenceRule(String,int,String,ParserRuleSet,byte,boolean)	602	
	4140	org.gjt.sp.jedit.syntax.ParserRule.createRegexpSequenceRule(int,char[],String,ParserRuleSet,byte,boolean)	618	
	-1	org.gjt.sp.jedit.syntax.ParserRule.createSpanRule(int,String,int,String,ParserRuleSet,byte,byte,boolean,boolean,boolean)		
	-1	org.gjt.sp.jedit.syntax.ParserRule.createRegexpSpanRule(char,int,String,int,String,ParserRuleSet,byte,byte,boolean,boolean,boolean,boolean)		
	-1	org.gjt.sp.jedit.syntax.ParserRule.createRegexpSpanRule(String,int,String,int,String,ParserRuleSet,byte,byte,boolean,boolean,boolean,boolean)		
	-1	org.gjt.sp.jedit.syntax.ParserRule.createRegexpSpanRule(int,char[],String,int,String,ParserRuleSet,byte,byte,boolean,boolean,boolean,boolean)		
	4144	org.gjt.sp.jedit.syntax.ParserRule.createEOLSpanRule(int,String,ParserRuleSet,byte,byte)	425	
	4145	org.gjt.sp.jedit.syntax.ParserRule.createRegexpEOLSpanRule(char,int,String,ParserRuleSet,byte,byte,boolean)	560	
	4146	org.gjt.sp.jedit.syntax.ParserRule.createRegexpEOLSpanRule(String,int,String,ParserRuleSet,byte,byte,boolean)	468	
	4147	org.gjt.sp.jedit.syntax.ParserRule.createRegexpEOLSpanRule(int,char[],String,ParserRuleSet,byte,byte,boolean)	482	
	4148	org.gjt.sp.jedit.syntax.ParserRule.createMarkFollowingRule(int,String,byte,byte)	422	
	4149	org.gjt.sp.jedit.syntax.ParserRule.createMarkPreviousRule(int,String,byte,byte)	418	
	4150	org.gjt.sp.jedit.syntax.ParserRule.createEscapeRule(String)	987	
	4151	org.gjt.sp.jedit.syntax.ParserRule.toString()	591	
	-1	org.gjt.sp.jedit.syntax.ParserRule.ParserRule(int,String,int,char[],Pattern,int,char[],ParserRuleSet,byte,byte)		
	-1	org.gjt.sp.jedit.syntax.ParserRule.ParserRule(char[],int,int,char[],Pattern,int,char[],ParserRuleSet,byte,byte)		
	5547	org.gjt.sp.jedit.syntax.TokenMarker.checkDelegateEnd(ParserRule)	905	
	-1	org.gjt.sp.jedit.syntax.TokenMarker.handleRule(ParserRule,boolean,boolean)		
	5553	org.gjt.sp.jedit.syntax.TokenMarker.matchToken(ParserRule,ParserRule,LineContext)	387	
	6129	org.gjt.sp.jedit.syntax.XModeHandler.endElement(String,String,String)	961	
	6139	org.gjt.sp.jedit.syntax.XModeHandler.TagDecl.TagDecl(String,Attributes)	559	
1659666	5494	org.gjt.sp.jedit.TextUtilities.getComplementaryBracket(char,boolean[])	537	537
	5546	org.gjt.sp.jedit.syntax.TokenMarker.markTokens(LineContext,TokenHandler,Segment)	767	
	5552	org.gjt.sp.jedit.syntax.TokenMarker.substitute(Matcher,char[])	617	
1663617	2731	org.gjt.sp.jedit.jEdit.openFile(View,String,String,boolean,Hashtable)	67	67
1664900	2399	org.gjt.sp.jedit.indent.IndentAction.Collapse.Collapse()	5324	59
	3667	org.gjt.sp.jedit.indent.OpenBracketIndentRule.apply(JEditBuffer,int,int,int,List<IndentAction>)	59	
	3669	org.gjt.sp.jedit.indent.OpenBracketIndentRule.handleCollapse(List<IndentAction>,boolean)	90	
	4580	org.gjt.sp.jedit.indent.RegexpIndentRule.apply(JEditBuffer,int,int,int,List<IndentAction>)	106	
1668893	3462	org.gjt.sp.jedit.MiscUtilities.autodetect(InputStream,Buffer)	322	60
	750	org.gjt.sp.jedit.bufferio.BufferIORequest.write(Buffer,OutputStream)	60	
1671312	2324	org.gjt.sp.jedit.search.HyperSearchRequest.doHyperSearch(Buffer,int,int,DefaultMutableTreeNode)	23	23
	4248	org.gjt.sp.jedit.search.PatternSearchMatcher.nextMatch(CharSequence,boolean,boolean,boolean,boolean)	50	
	4724	org.gjt.sp.jedit.search.SearchAndReplace.getSearchMatcher()	436	
	4730	org.gjt.sp.jedit.search.SearchAndReplace.find(View)	670	
	4733	org.gjt.sp.jedit.search.SearchAndReplace.replace(View)	440	
	4744	org.gjt.sp.jedit.search.SearchAndReplace._replace(View,JEditBuffer,SearchMatcher,int,int,boolean)	90	
1676041	5500	org.gjt.sp.jedit.TextUtilities.findWordStart(String,int,String,boolean,boolean)	26	4
	5501	org.gjt.sp.jedit.TextUtilities.findWordStart(String,int,String,boolean,boolean,boolean)	4	
	5506	org.gjt.sp.jedit.TextUtilities.findWordEnd(String,int,String,boolean,boolean)	27	
	5507	org.gjt.sp.jedit.TextUtilities.findWordEnd(String,int,String,boolean,boolean,boolean)	5	
	1527	org.gjt.sp.jedit.options.EditingOptionPane._init()	59	
	1528	org.gjt.sp.jedit.options.EditingOptionPane._save()	1075	
	1529	org.gjt.sp.jedit.options.EditingOptionPane.saveMode()	89	
	1530	org.gjt.sp.jedit.options.EditingOptionPane.selectMode()	82	
	1531	org.gjt.sp.jedit.options.EditingOptionPane.updateEnabled()	152	
	1535	org.gjt.sp.jedit.options.EditingOptionPane.ModeProperties.load()	69	
	1536	org.gjt.sp.jedit.options.EditingOptionPane.ModeProperties.save()	259	
	5185	org.gjt.sp.jedit.textarea.TextArea.selectWord()	17	
	5238	org.gjt.sp.jedit.textarea.TextArea.goToNextWord(boolean,boolean)	8	
	5245	org.gjt.sp.jedit.textarea.TextArea.goToPrevWord(boolean,boolean)	11	
	5266	org.gjt.sp.jedit.textarea.TextArea.backspaceWord(boolean)	10	
	5273	org.gjt.sp.jedit.textarea.TextArea.deleteWord(boolean)	9	
	5405	org.gjt.sp.jedit.textarea.TextAreaMouseHandler.doDoubleClick()	41	
1687264	2355	org.gjt.sp.jedit.search.HyperSearchResults.removeSelectedNode()	143	143
1694133	345	org.gjt.sp.jedit.browser.BrowserView.ParentDirectoryList.processKeyEvent(KeyEvent)	315	187
	5773	org.gjt.sp.jedit.browser.VFSBrowser.previousDirectory()	907	
	5774	org.gjt.sp.jedit.browser.VFSBrowser.nextDirectory()	404	
	5775	org.gjt.sp.jedit.browser.VFSBrowser.setDirectory(String)	295	
	5841	org.gjt.sp.jedit.browser.VFSDirectoryEntryTable.processKeyEvent(KeyEvent)	187	
	5934	org.gjt.sp.jedit.browser.VFSFileNameField.processKeyEvent(KeyEvent)	267	
1708876	3446	org.gjt.sp.jedit.MiscUtilities.getFileExtension(String)	389	389
1708881	5853	org.gjt.sp.jedit.browser.VFSDirectoryEntryTable.MouseHandler.mousePressed(MouseEvent)	23	23
1723506	3040	org.gjt.sp.jedit.textarea.JEditTextArea.showPopupMenu()	277	277
1724940	716	org.gjt.sp.jedit.textarea.BufferHandler.contentInserted(JEditBuffer,int,int,int,int)	309	112
	719	org.gjt.sp.jedit.textarea.BufferHandler.contentRemoved(JEditBuffer,int,int,int,int)	112	
1730845	1573	org.gjt.sp.jedit.EditPane.EditPane(View,Buffer,BufferSet.Scope)	39	9
	1575	org.gjt.sp.jedit.EditPane.propertiesChanged()	11	
	2135	org.gjt.sp.jedit.options.GutterOptionPane._init()	19	
	2136	org.gjt.sp.jedit.options.GutterOptionPane._save()	9	
	2139	org.gjt.sp.jedit.options.GutterOptionPane.isGutterEnabled()	77	
	2082	org.gjt.sp.jedit.textarea.Gutter.Gutter(TextArea)	179	
	2091	org.gjt.sp.jedit.textarea.Gutter.setBorder(Border)	555	
	2098	org.gjt.sp.jedit.textarea.Gutter.setFont(Font)	653	
	2099	org.gjt.sp.jedit.textarea.Gutter.setGutterEnabled(boolean)	542	
	2110	org.gjt.sp.jedit.textarea.Gutter.getPreferredSize()	545	
	2125	org.gjt.sp.jedit.textarea.Gutter.setSelectionPopupHandler(GutterPopupHandler)	449	
	2127	org.gjt.sp.jedit.textarea.Gutter.paintLine(Graphics2D,int,int)	142	
	2130	org.gjt.sp.jedit.textarea.Gutter.MouseHandler.mousePressed(MouseEvent)	61	
	2131	org.gjt.sp.jedit.textarea.Gutter.MouseHandler.mouseDragged(MouseEvent)	151	
	2132	org.gjt.sp.jedit.textarea.Gutter.MouseHandler.getFoldEndOffset(int)	49	
	2133	org.gjt.sp.jedit.textarea.Gutter.MouseHandler.mouseReleased(MouseEvent)	514	
1739675	6072	org.gjt.sp.jedit.indent.WhitespaceRule.apply(JEditBuffer,int,int,int,List<IndentAction>)	4749	4749
1744674	2301	org.gjt.sp.jedit.search.HyperSearchFileNode.getBuffer(View)	3	1
	2302	org.gjt.sp.jedit.search.HyperSearchFileNode.goTo(EditPane)	72	
	2325	org.gjt.sp.jedit.search.HyperSearchResult.getBuffer(View)	1	
	2327	org.gjt.sp.jedit.search.HyperSearchResult.goTo(EditPane)	326	
	2351	org.gjt.sp.jedit.search.HyperSearchResults.searchDone(DefaultMutableTreeNode)	407	
	2354	org.gjt.sp.jedit.search.HyperSearchResults.goToSelectedNode(int)	63	
1747300	1575	org.gjt.sp.jedit.EditPane.propertiesChanged()	183	48
	2135	org.gjt.sp.jedit.options.GutterOptionPane._init()	184	
	2136	org.gjt.sp.jedit.options.GutterOptionPane._save()	131	
	2138	org.gjt.sp.jedit.options.GutterOptionPane.addFoldStyleChooser()	48	
	-1	org.gjt.sp.jedit.textarea.CircleFoldPainter.paintFoldEnd(Gutter,Graphics2D,int,int,int,int,JEditBuffer)		
	-1	org.gjt.sp.jedit.textarea.CircleFoldPainter.paintFoldMiddle(Gutter,Graphics2D,int,int,int,int,JEditBuffer)		
	-1	org.gjt.sp.jedit.textarea.CircleFoldPainter.paintFoldStart(Gutter,Graphics2D,int,int,boolean,int,int,JEditBuffer)		
	-1	org.gjt.sp.jedit.textarea.Gutter.getFoldPainterName()		
	-1	org.gjt.sp.jedit.textarea.Gutter.setFoldPainter(String)		
	2082	org.gjt.sp.jedit.textarea.Gutter.Gutter(TextArea)	107	
	2127	org.gjt.sp.jedit.textarea.Gutter.paintLine(Graphics2D,int,int)	182	
	-1	org.gjt.sp.jedit.textarea.SquareFoldPainter.paintFoldEnd(Gutter,Graphics2D,int,int,int,int,JEditBuffer)		
	-1	org.gjt.sp.jedit.textarea.SquareFoldPainter.paintFoldStart(Gutter,Graphics2D,int,int,boolean,int,int,JEditBuffer)		
	-1	org.gjt.sp.jedit.textarea.SquareFoldPainter.paintFoldMiddle(Gutter,Graphics2D,int,int,int,int,JEditBuffer)		
	5598	org.gjt.sp.jedit.textarea.TriangleFoldPainter.paintFoldStart(Gutter,Graphics2D,int,int,boolean,int,int,JEditBuffer)	548	
	5599	org.gjt.sp.jedit.textarea.TriangleFoldPainter.paintFoldEnd(Gutter,Graphics2D,int,int,int,int,JEditBuffer)	114	
	5600	org.gjt.sp.jedit.textarea.TriangleFoldPainter.paintFoldMiddle(Gutter,Graphics2D,int,int,int,int,JEditBuffer)	110	
1748509	2033	org.gjt.sp.jedit.GUIUtilities.showVFSFileDialog(Frame,View,String,int,boolean)	278	16
	5916	org.gjt.sp.jedit.browser.VFSFileChooserDialog.VFSFileChooserDialog(Frame,View,String,int,boolean,boolean)	864	
	2456	org.gjt.sp.jedit.pluginmgr.InstallPanel.InstallPanel(PluginManager,boolean)	530	
	2457	org.gjt.sp.jedit.pluginmgr.InstallPanel.loadPluginSet(String)	16	
	2476	org.gjt.sp.jedit.pluginmgr.InstallPanel.PluginTableModel.restoreSelection(Set<String>,Set<String>)	399	
	2488	org.gjt.sp.jedit.pluginmgr.InstallPanel.StringMapHandler.StringMapHandler()	445	
	2489	org.gjt.sp.jedit.pluginmgr.InstallPanel.StringMapHandler.startElement(String,String,String,Attributes)	664	
	2490	org.gjt.sp.jedit.pluginmgr.InstallPanel.ChoosePluginSet.ChoosePluginSet()	59	
	2491	org.gjt.sp.jedit.pluginmgr.InstallPanel.ChoosePluginSet.updateUI()	890	
	2492	org.gjt.sp.jedit.pluginmgr.InstallPanel.ChoosePluginSet.actionPerformed(ActionEvent)	17	
	2493	org.gjt.sp.jedit.pluginmgr.InstallPanel.ClearPluginSet.ClearPluginSet()	53	
	2494	org.gjt.sp.jedit.pluginmgr.InstallPanel.ClearPluginSet.actionPerformed(ActionEvent)	270	
	3328	org.gjt.sp.jedit.pluginmgr.ManagePanel.ManagePanel(PluginManager)	514	
	3358	org.gjt.sp.jedit.pluginmgr.ManagePanel.SaveButton.SaveButton()	41	
	-1	org.gjt.sp.jedit.pluginmgr.ManagePanel.SaveButton.saveState(String,StringList)		
	3360	org.gjt.sp.jedit.pluginmgr.ManagePanel.SaveButton.actionPerformed(ActionEvent)	75	
1749475	4914	org.gjt.sp.jedit.options.ShortcutsOptionPane._init()	1	1
	4916	org.gjt.sp.jedit.options.ShortcutsOptionPane.setFilter()	5	
	4917	org.gjt.sp.jedit.options.ShortcutsOptionPane.initModels()	22	
	4922	org.gjt.sp.jedit.options.ShortcutsOptionPane.TableMouseHandler.mouseClicked(MouseEvent)	83	
	-1	org.gjt.sp.jedit.options.ShortcutsOptionPane.ShortcutsModel.ShortcutsModel(String,Vector<GrabKeyDialog.KeyBinding[]>)		
	-1	org.gjt.sp.jedit.options.ShortcutsOptionPane.ShortcutsModel.resetFilter()		
	-1	org.gjt.sp.jedit.options.ShortcutsOptionPane.ShortcutsModel.setFilter(String)		
	4925	org.gjt.sp.jedit.options.ShortcutsOptionPane.ShortcutsModel.getBindings()	4021	
	4928	org.gjt.sp.jedit.options.ShortcutsOptionPane.ShortcutsModel.getRowCount()	4024	
	4929	org.gjt.sp.jedit.options.ShortcutsOptionPane.ShortcutsModel.getValueAt(int,int)	517	
	4930	org.gjt.sp.jedit.options.ShortcutsOptionPane.ShortcutsModel.setValueAt(Object,int,int)	133	
	-1	org.gjt.sp.jedit.options.ShortcutsOptionPane.ShortcutsModel.getFilteredBindingAt(int,int)		
1768638	608	org.gjt.sp.jedit.Buffer.save(View,String)	262	2
	609	org.gjt.sp.jedit.Buffer.save(View,String,boolean)	251	
	610	org.gjt.sp.jedit.Buffer.save(View,String,boolean,boolean)	32	
	1622	org.gjt.sp.jedit.EditServer.handleClient(boolean,boolean,boolean,String,String[])	88	
	6005	org.gjt.sp.jedit.View.setBuffer(Buffer)	16	
	6006	org.gjt.sp.jedit.View.setBuffer(Buffer,boolean)	2	
	6008	org.gjt.sp.jedit.View.goToBuffer(Buffer)	22	
	6054	org.gjt.sp.jedit.View.WindowHandler.windowActivated(WindowEvent)	12	
	1056	org.gjt.sp.jedit.gui.CloseDialog.ActionHandler.actionPerformed(ActionEvent)	78	
	2688	org.gjt.sp.jedit.jEdit.getIntegerProperty(String)	1431	
	2727	org.gjt.sp.jedit.jEdit.openFiles(View,String,String[])	318	
	2731	org.gjt.sp.jedit.jEdit.openFile(View,String,String,boolean,Hashtable)	52	
	2747	org.gjt.sp.jedit.jEdit.saveAllBuffers(View,boolean)	8	
	2759	org.gjt.sp.jedit.jEdit.checkBufferStatus(View)	98	
	2760	org.gjt.sp.jedit.jEdit.checkBufferStatus(View,boolean)	4	
	-1	org.gjt.sp.jedit.jEdit.finishStartup(boolean,boolean,String,String[])		
	1964	org.gjt.sp.jedit.options.GeneralOptionPane._init()	84	
	1965	org.gjt.sp.jedit.options.GeneralOptionPane._save()	311	
	4732	org.gjt.sp.jedit.search.SearchAndReplace.find(View,Buffer,int,boolean,boolean)	478	
1781853	2456	org.gjt.sp.jedit.pluginmgr.InstallPanel.InstallPanel(PluginManager,boolean)	12	12
	2471	org.gjt.sp.jedit.pluginmgr.InstallPanel.PluginTableModel.sort(int)	478	
	2498	org.gjt.sp.jedit.pluginmgr.InstallPanel.EntryCompare.EntryCompare(int,int)	5401	
	-1	org.gjt.sp.jedit.pluginmgr.InstallPanel.EntryCompare.compare(Object,Object)		
	2500	org.gjt.sp.jedit.pluginmgr.InstallPanel.HeaderMouseHandler.mouseClicked(MouseEvent)	14	
	2506	org.gjt.sp.jedit.pluginmgr.InstallPanel.HeaderRenderer.HeaderRenderer(DefaultTableCellRenderer)	916	
	2507	org.gjt.sp.jedit.pluginmgr.InstallPanel.HeaderRenderer.getTableCellRendererComponent(JTable,Object,boolean,boolean,int,int)	65	
1788847	682	org.gjt.sp.jedit.Buffer.editSyntaxStyle(JEditTextArea)	1	1
	5062	org.gjt.sp.jedit.gui.StyleEditor.StyleEditor(JDialog,SyntaxStyle,String)	10	
	5063	org.gjt.sp.jedit.gui.StyleEditor.StyleEditor(JFrame,SyntaxStyle,String)	12	
	5064	org.gjt.sp.jedit.gui.StyleEditor.initialize(Component,SyntaxStyle,String)	107	
	5065	org.gjt.sp.jedit.gui.StyleEditor.actionPerformed(ActionEvent)	778	
	5066	org.gjt.sp.jedit.gui.StyleEditor.ok()	3143	
	5067	org.gjt.sp.jedit.gui.StyleEditor.cancel()	5495	
	5068	org.gjt.sp.jedit.gui.StyleEditor.getStyle()	93	
	5074	org.gjt.sp.jedit.options.SyntaxHiliteOptionPane.MouseHandler.mouseClicked(MouseEvent)	3	
1789707	1632	org.gjt.sp.jedit.io.EncodingServer.hasEncoding(String)	11	1
	6120	org.gjt.sp.jedit.io.XMLEncodingDetector.getXMLEncoding(String)	1	
1818140	2265	org.gjt.sp.jedit.gui.HistoryText.showPopupMenu(String,int,int)	195	41
	3229	org.gjt.sp.jedit.gui.ListModelEditor.open(DefaultListModel)	99	
	3230	org.gjt.sp.jedit.gui.ListModelEditor.createTableModel(DefaultListModel)	60	
	3231	org.gjt.sp.jedit.gui.ListModelEditor.updatelistModel(DefaultListModel,DefaultTableModel)	41	
1825720	692	org.gjt.sp.jedit.bufferio.BufferAutosaveRequest.run()	148	148
1834620	4748	org.gjt.sp.jedit.search.SearchAndReplace.regexpReplace(SearchMatcher.Match,String)	50	50
1854542	631	org.gjt.sp.jedit.Buffer.setDirty(boolean)	1848	41
	5755	org.gjt.sp.jedit.browser.VFSBrowser.VFSBrowser(View,String,int,boolean,String)	41	
1866836	1125	org.gjt.sp.jedit.gui.CompleteWord.completeWord(View)	110	75
	1140	org.gjt.sp.jedit.gui.CompleteWord.Words.complete(int)	75	
1869978	2816	org.gjt.sp.jedit.jEdit.addBufferToList(Buffer)	113	113
1883809	5219	org.gjt.sp.jedit.textarea.TextArea.centerCaret()	29	29
1887293	6040	org.gjt.sp.jedit.View.loadToolBars()	4	4
	4751	org.gjt.sp.jedit.search.SearchBar.SearchBar(View,boolean)	37	
	4755	org.gjt.sp.jedit.search.SearchBar.propertiesChanged()	56	
	4756	org.gjt.sp.jedit.search.SearchBar.find(boolean)	7	
	4759	org.gjt.sp.jedit.search.SearchBar.setCloseButtonVisibility()	233	
	4764	org.gjt.sp.jedit.search.SearchBar.KeyHandler.keyPressed(KeyEvent)	68	
1894235	6040	org.gjt.sp.jedit.View.loadToolBars()	4	4
	4751	org.gjt.sp.jedit.search.SearchBar.SearchBar(View,boolean)	35	
	4755	org.gjt.sp.jedit.search.SearchBar.propertiesChanged()	11	
	4756	org.gjt.sp.jedit.search.SearchBar.find(boolean)	7	
	4759	org.gjt.sp.jedit.search.SearchBar.setCloseButtonVisibility()	201	
	4764	org.gjt.sp.jedit.search.SearchBar.KeyHandler.keyPressed(KeyEvent)	97	
1906288	169	org.gjt.sp.jedit.textarea.Anchor.preContentRemoved(int,int,int)	50	50
1910061	5219	org.gjt.sp.jedit.textarea.TextArea.centerCaret()	1	1
	-1	org.gjt.sp.jedit.textarea.TextArea.scrollToCurrent()		
1912735	4837	org.gjt.sp.jedit.gui.statusbar.SelectionLengthWidgetFactory.getWidget(View)	806	64
	4838	org.gjt.sp.jedit.gui.statusbar.SelectionLengthWidgetFactory.SelectionLengthWidget.SelectionLengthWidget(View)	64	
	4839	org.gjt.sp.jedit.gui.statusbar.SelectionLengthWidgetFactory.SelectionLengthWidget.getComponent()	387	
	4840	org.gjt.sp.jedit.gui.statusbar.SelectionLengthWidgetFactory.SelectionLengthWidget.update()	3832	
	4841	org.gjt.sp.jedit.gui.statusbar.SelectionLengthWidgetFactory.SelectionLengthWidget.propertiesChanged()	3854	
	4842	org.gjt.sp.jedit.gui.statusbar.SelectionLengthWidgetFactory.SelectionLengthWidget.handleMessage(EBMessage)	337	
	4843	org.gjt.sp.jedit.gui.statusbar.SelectionLengthWidgetFactory.SelectionLengthWidget.SelectionLength.addNotify()	1065	
	4844	org.gjt.sp.jedit.gui.statusbar.SelectionLengthWidgetFactory.SelectionLengthWidget.SelectionLength.removeNotify()	1140	
	4845	org.gjt.sp.jedit.gui.statusbar.SelectionLengthWidgetFactory.SelectionLengthWidget.SelectionLength.caretUpdate(CaretEvent)	77	
1913979	4768	org.gjt.sp.jedit.search.SearchDialog.setSearchString(String,int)	574	574
1923613	4248	org.gjt.sp.jedit.search.PatternSearchMatcher.nextMatch(CharSequence,boolean,boolean,boolean,boolean)	6	2
	4730	org.gjt.sp.jedit.search.SearchAndReplace.find(View)	78	
	4732	org.gjt.sp.jedit.search.SearchAndReplace.find(View,Buffer,int,boolean,boolean)	14	
	4756	org.gjt.sp.jedit.search.SearchBar.find(boolean)	2	
	4780	org.gjt.sp.jedit.search.SearchDialog.updateEnabled()	15	
1931333	1145	org.gjt.sp.jedit.gui.CompleteWord.keyTyped(KeyEvent)	137	137
1936518	305	org.gjt.sp.jedit.browser.BrowserCommandsMenu.BrowserCommandsMenu(VFSBrowser,VFSFile[])	22	22
	5781	org.gjt.sp.jedit.browser.VFSBrowser.rename(String,String)	1350	
	-1	org.gjt.sp.jedit.browser.VFSBrowser.fileProperties()		
	-1	org.gjt.sp.jedit.gui.FilePropertiesDialog.FilePropertiesDialog(View,VFSBrowser)		
	1821	org.gjt.sp.jedit.gui.FilePropertiesDialog.createAndShowGUI()	2280	
	1812	org.gjt.sp.jedit.gui.FilePropertiesDialog.addComponentsToPane()	1209	
	1813	org.gjt.sp.jedit.gui.FilePropertiesDialog.createNorthPanelAll()	188	
	1814	org.gjt.sp.jedit.gui.FilePropertiesDialog.createCenterPanelAll()	40	
	1815	org.gjt.sp.jedit.gui.FilePropertiesDialog.createSouthPanelAll()	1632	
	1816	org.gjt.sp.jedit.gui.FilePropertiesDialog.createNorthPanel()	1870	
	1817	org.gjt.sp.jedit.gui.FilePropertiesDialog.createCenterPanel()	315	
	1818	org.gjt.sp.jedit.gui.FilePropertiesDialog.createSouthPanel()	1633	
	1819	org.gjt.sp.jedit.gui.FilePropertiesDialog.ok()	404	
	1820	org.gjt.sp.jedit.gui.FilePropertiesDialog.cancel()	5808	
	1822	org.gjt.sp.jedit.gui.FilePropertiesDialog.ButtonActionHandler.actionPerformed(ActionEvent)	5806	
1938174	1875	org.gjt.sp.jedit.gui.FilteredListModel.setFilter(String)	24	24
1942313	1262	org.gjt.sp.jedit.textarea.DisplayManager.expandFold(int,boolean)	12	12
1947676	2321	org.gjt.sp.jedit.search.HyperSearchRequest.run()	19	9
	2347	org.gjt.sp.jedit.search.HyperSearchResults.searchStarted()	9	
	2349	org.gjt.sp.jedit.search.HyperSearchResults.searchFailed()	59	
	2350	org.gjt.sp.jedit.search.HyperSearchResults.searchDone(DefaultMutableTreeNode,DefaultMutableTreeNode)	61	
1961989	5576	org.gjt.sp.jedit.options.ToolBarOptionPane._init()	106	43
	5579	org.gjt.sp.jedit.options.ToolBarOptionPane.reloadButtonList(String)	185	
	5588	org.gjt.sp.jedit.options.ToolBarOptionPane.ActionHandler.actionPerformed(ActionEvent)	142	
	65	org.gjt.sp.jedit.gui.AbstractContextOptionPane._init()	43	
	70	org.gjt.sp.jedit.gui.AbstractContextOptionPane.reloadContextList(String)	55	
	73	org.gjt.sp.jedit.gui.AbstractContextOptionPane.ActionHandler.actionPerformed(ActionEvent)	94	
1965114	5834	org.gjt.sp.jedit.browser.VFSDirectoryEntryTable.getSelectedFiles()	135	135
	5841	org.gjt.sp.jedit.browser.VFSDirectoryEntryTable.processKeyEvent(KeyEvent)	173	
1984000	805	org.gjt.sp.jedit.bufferset.BufferSet.addBufferAt(Buffer,int)	29	29
1984974	6038	org.gjt.sp.jedit.View.propertiesChanged()	23	23
	5027	org.gjt.sp.jedit.options.StatusBarOptionPane._init()	75	
	5028	org.gjt.sp.jedit.options.StatusBarOptionPane._save()	73	
1999448	717	org.gjt.sp.jedit.textarea.BufferHandler.preContentInserted(JEditBuffer,int,int,int,int)	126	1
	718	org.gjt.sp.jedit.textarea.BufferHandler.preContentRemoved(JEditBuffer,int,int,int,int)	61	
	723	org.gjt.sp.jedit.textarea.BufferHandler.getReadyToBreakFold(int)	10	
	5304	org.gjt.sp.jedit.textarea.TextArea.joinLines()	45	
	1262	org.gjt.sp.jedit.textarea.DisplayManager.expandFold(int,boolean)	1	
2015210	189	org.gjt.sp.jedit.options.AppearanceOptionPane._init()	99	20
	4688	org.gjt.sp.jedit.options.SaveBackupOptionPane._init()	20	
2017514	3560	org.gjt.sp.jedit.textarea.MouseHandler.mouseReleased(MouseEvent)	504	504
2060078	6045	org.gjt.sp.jedit.View.handleEditPaneUpdate(EditPaneUpdate)	462	86
	6046	org.gjt.sp.jedit.View.closeDuplicateBuffers(EditPaneUpdate)	86	
2068307	1050	org.gjt.sp.jedit.gui.CloseDialog.CloseDialog(View)	256	84
	2741	org.gjt.sp.jedit.jEdit.closeBuffer(View,Buffer)	84	
	623	org.gjt.sp.jedit.Buffer.getPath(Boolean)	4015	
	668	org.gjt.sp.jedit.Buffer.toString()	702	
	3438	org.gjt.sp.jedit.MiscUtilities.abbreviate(String)	3597	
	3508	org.gjt.sp.jedit.MiscUtilities.VarCompressor.VarCompressor()	3016	
	3509	org.gjt.sp.jedit.MiscUtilities.VarCompressor.compress(String)	3505	
	4688	org.gjt.sp.jedit.options.SaveBackupOptionPane._init()	194	
	4689	org.gjt.sp.jedit.options.SaveBackupOptionPane._save()	184	
2069249	2324	org.gjt.sp.jedit.search.HyperSearchRequest.doHyperSearch(Buffer,int,int,DefaultMutableTreeNode)	39	1
	4248	org.gjt.sp.jedit.search.PatternSearchMatcher.nextMatch(CharSequence,boolean,boolean,boolean,boolean)	1	
	4730	org.gjt.sp.jedit.search.SearchAndReplace.find(View)	24	
	4733	org.gjt.sp.jedit.search.SearchAndReplace.replace(View)	276	
	4744	org.gjt.sp.jedit.search.SearchAndReplace._replace(View,JEditBuffer,SearchMatcher,int,int,boolean)	117	
2077326	631	org.gjt.sp.jedit.Buffer.setDirty(boolean)	64	64
	678	org.gjt.sp.jedit.Buffer.calculateHash()	351	
	680	org.gjt.sp.jedit.Buffer.finishLoading()	1259	
	4688	org.gjt.sp.jedit.options.SaveBackupOptionPane._init()	158	
	4689	org.gjt.sp.jedit.options.SaveBackupOptionPane._save()	190	
2089713	631	org.gjt.sp.jedit.Buffer.setDirty(boolean)	36	36
2091052	831	org.gjt.sp.jedit.bufferset.BufferSetManager.handleMessage(EBMessage)	40	3
	844	org.gjt.sp.jedit.bufferset.BufferSetManager.BufferSetClosed.BufferSetClosed(BufferSet)	79	
	-1	org.gjt.sp.jedit.bufferset.BufferSetManager.BufferSetClosed.BufferSetClosed(View,BufferSet)		
	-1	org.gjt.sp.jedit.bufferset.BufferSetManager.BufferSetClosed.BufferSetClosed(EditPane,BufferSet)		
	-1	org.gjt.sp.jedit.bufferset.BufferSetManager.BufferSetClosed.init()		
	845	org.gjt.sp.jedit.bufferset.BufferSetManager.BufferSetClosed.bufferAdded(Buffer,int)	85	
	6030	org.gjt.sp.jedit.View.confirmToCloseDirty()	3	
	6048	org.gjt.sp.jedit.View.getOpenBuffers()	66	
	1050	org.gjt.sp.jedit.gui.CloseDialog.CloseDialog(View)	69	
	1051	org.gjt.sp.jedit.gui.CloseDialog.CloseDialog(View,Collection<Buffer>)	309	
	2820	org.gjt.sp.jedit.jEdit.closeView(View,boolean)	114	
2122926	1700	org.gjt.sp.jedit.gui.statusbar.ErrorsWidgetFactory.ErrorHighlight.ErrorHighlight(View)	235	1
	1706	org.gjt.sp.jedit.gui.statusbar.ErrorsWidgetFactory.ErrorHighlight.MyMouseAdapter.MyMouseAdapter(View)	3613	
	1707	org.gjt.sp.jedit.gui.statusbar.ErrorsWidgetFactory.ErrorHighlight.MyMouseAdapter.mouseClicked(MouseEvent)	1	
2129419	1057	org.gjt.sp.jedit.gui.CloseDialog.ListHandler.valueChanged(ListSelectionEvent)	130	130
2169354	4748	org.gjt.sp.jedit.search.SearchAndReplace.regexpReplace(SearchMatcher.Match,String)	512	512
2173091	2324	org.gjt.sp.jedit.search.HyperSearchRequest.doHyperSearch(Buffer,int,int,DefaultMutableTreeNode)	48	48
	4248	org.gjt.sp.jedit.search.PatternSearchMatcher.nextMatch(CharSequence,boolean,boolean,boolean,boolean)	170	
	4730	org.gjt.sp.jedit.search.SearchAndReplace.find(View)	724	
	4733	org.gjt.sp.jedit.search.SearchAndReplace.replace(View)	971	
	4744	org.gjt.sp.jedit.search.SearchAndReplace._replace(View,JEditBuffer,SearchMatcher,int,int,boolean)	331	
2173112	2324	org.gjt.sp.jedit.search.HyperSearchRequest.doHyperSearch(Buffer,int,int,DefaultMutableTreeNode)	104	104
2183929	1568	org.gjt.sp.jedit.EditPane.bufferAdded(Buffer,int)	16	3
	1571	org.gjt.sp.jedit.EditPane.bufferSetSorted()	3	
	-1	org.gjt.sp.jedit.bufferset.BufferSet.BufferSet(Scope)		
	-1	org.gjt.sp.jedit.bufferset.BufferSet.finalize()		
	-1	org.gjt.sp.jedit.bufferset.BufferSet.handleMessage(PropertiesChanged)		
	-1	org.gjt.sp.jedit.bufferset.BufferSet.handleMessage(EBMessage)		
	805	org.gjt.sp.jedit.bufferset.BufferSet.addBufferAt(Buffer,int)	139	
	826	org.gjt.sp.jedit.bufferset.BufferSetAdapter.bufferSetSorted()	68	
	831	org.gjt.sp.jedit.bufferset.BufferSetManager.handleMessage(EBMessage)	30	
2199003	1322	org.gjt.sp.jedit.gui.DockableWindowFactory.getDockableWindowPluginClass(String)	28	2
	1366	org.gjt.sp.jedit.gui.DockableWindowManager.getDockableWindowPluginName(String)	10	
	1455	org.gjt.sp.jedit.options.DockingOptionPane._init()	71	
	1457	org.gjt.sp.jedit.options.DockingOptionPane.createDockingOptionsPanel()	286	
	1462	org.gjt.sp.jedit.options.WindowTableModel.WindowTableModel()	2	
	1463	org.gjt.sp.jedit.options.WindowTableModel.getDockableSets()	30	
	1464	org.gjt.sp.jedit.options.WindowTableModel.showSet(String)	206	
2218621	3436	org.gjt.sp.jedit.MiscUtilities.canonPath(String)	108	108
	3440	org.gjt.sp.jedit.MiscUtilities.isAbsolutePath(String)	226	
2220025	5012	org.gjt.sp.jedit.gui.StatusBar.propertiesChanged()	881	423
	5020	org.gjt.sp.jedit.gui.StatusBar.updateCaretStatus()	423	
	5027	org.gjt.sp.jedit.options.StatusBarOptionPane._init()	443	
	5028	org.gjt.sp.jedit.options.StatusBarOptionPane._save()	619	
2220033	5011	org.gjt.sp.jedit.gui.StatusBar.StatusBar(View)	817	370
	5020	org.gjt.sp.jedit.gui.StatusBar.updateCaretStatus()	370	
	5025	org.gjt.sp.jedit.gui.StatusBar.MouseHandler.mouseClicked(MouseEvent)	1286	
	5027	org.gjt.sp.jedit.options.StatusBarOptionPane._init()	505	
	5028	org.gjt.sp.jedit.options.StatusBarOptionPane._save()	515	
2446121	2338	org.gjt.sp.jedit.search.HyperSearchResults.HyperSearchResults(View)	406	119
	2340	org.gjt.sp.jedit.search.HyperSearchResults.addNotify()	473	
	2352	org.gjt.sp.jedit.search.HyperSearchResults.updateHighlightStatus()	511	
	2359	org.gjt.sp.jedit.search.HyperSearchResults.ActionHandler.actionPerformed(ActionEvent)	119	
	2360	org.gjt.sp.jedit.search.HyperSearchResults.HighlightingTree.HighlightingTree(DefaultTreeModel)	506	
	2361	org.gjt.sp.jedit.search.HyperSearchResults.HighlightingTree.convertValueToText(Object,boolean,boolean,boolean,int,boolean)	471	
	-1	org.gjt.sp.jedit.search.HyperSearchResults.HighlightingTree.appendString2html(StringBuffer,String)		
2555956	55	org.gjt.sp.jedit.gui.AboutDialog.AboutPanel.AboutPanel()	19	19
2569381	1129	org.gjt.sp.jedit.gui.CompleteWord.getVisibleBuffers()	90	43
	1130	org.gjt.sp.jedit.gui.CompleteWord.getCompletions(Buffer,String,int)	43	
	5418	org.gjt.sp.jedit.options.TextAreaOptionPane._init()	323	
	5419	org.gjt.sp.jedit.options.TextAreaOptionPane._save()	2093	
2596087	5154	org.gjt.sp.jedit.textarea.TextArea.scrollTo(int,int,boolean)	58	58
	5324	org.gjt.sp.jedit.textarea.TextArea.recalculateVisibleLines()	108	
2646484	3014	org.gjt.sp.jedit.textarea.JEditTextArea.smartEnd(boolean)	84	9
	5246	org.gjt.sp.jedit.textarea.TextArea.home(boolean)	764	
	5247	org.gjt.sp.jedit.textarea.TextArea.end(boolean)	9	
	5249	org.gjt.sp.jedit.textarea.TextArea.smartEnd(boolean)	21	
	5252	org.gjt.sp.jedit.textarea.TextArea.goToEndOfCode(boolean)	235	
2668434	6027	org.gjt.sp.jedit.View.View(Buffer,ViewConfig)	244	91
	6028	org.gjt.sp.jedit.View.updateFullScreenProps()	427	
	6029	org.gjt.sp.jedit.View.toggleFullScreen()	91	
	6038	org.gjt.sp.jedit.View.propertiesChanged()	262	
	6065	org.gjt.sp.jedit.options.ViewOptionPane._init()	209	
	6066	org.gjt.sp.jedit.options.ViewOptionPane._save()	263	
2688862	2319	org.gjt.sp.jedit.search.HyperSearchOperationNode.getSearchString()	7	3
	2318	org.gjt.sp.jedit.search.HyperSearchOperationNode.getSearchMatcher()	41	
	2321	org.gjt.sp.jedit.search.HyperSearchRequest.run()	22	
	2382	org.gjt.sp.jedit.search.HyperSearchResults.RedoSearchAction.actionPerformed(ActionEvent)	3	
2696564	1573	org.gjt.sp.jedit.EditPane.EditPane(View,Buffer,BufferSet.Scope)	11	2
	1575	org.gjt.sp.jedit.EditPane.propertiesChanged()	2	
	2135	org.gjt.sp.jedit.options.GutterOptionPane._init()	28	
	2136	org.gjt.sp.jedit.options.GutterOptionPane._save()	7	
	2139	org.gjt.sp.jedit.options.GutterOptionPane.isGutterEnabled()	66	
	2082	org.gjt.sp.jedit.textarea.Gutter.Gutter(TextArea)	224	
	2091	org.gjt.sp.jedit.textarea.Gutter.setBorder(Border)	613	
	2098	org.gjt.sp.jedit.textarea.Gutter.setFont(Font)	1086	
	2099	org.gjt.sp.jedit.textarea.Gutter.setGutterEnabled(boolean)	650	
	2110	org.gjt.sp.jedit.textarea.Gutter.getPreferredSize()	657	
	2125	org.gjt.sp.jedit.textarea.Gutter.setSelectionPopupHandler(GutterPopupHandler)	117	
	2127	org.gjt.sp.jedit.textarea.Gutter.paintLine(Graphics2D,int,int)	1405	
	2130	org.gjt.sp.jedit.textarea.Gutter.MouseHandler.mousePressed(MouseEvent)	170	
	2131	org.gjt.sp.jedit.textarea.Gutter.MouseHandler.mouseDragged(MouseEvent)	871	
	2132	org.gjt.sp.jedit.textarea.Gutter.MouseHandler.getFoldEndOffset(int)	1930	
	2133	org.gjt.sp.jedit.textarea.Gutter.MouseHandler.mouseReleased(MouseEvent)	1259	
2744708	611	org.gjt.sp.jedit.Buffer.checkFileStatus(View)	69	63
	631	org.gjt.sp.jedit.Buffer.setDirty(boolean)	63	
2759434	4990	org.gjt.sp.util.StandardUtilities.getIndentString(String)	441	441
2762745	3359	org.gjt.sp.jedit.pluginmgr.ManagePanel.SaveButton.saveState(String,List<Entry>)	215	215
	2589	org.gjt.sp.util.IOUtilities.closeQuietly(OutputStream)	6374	
	2591	org.gjt.sp.util.IOUtilities.closeQuietly(Writer)	6372	
	2592	org.gjt.sp.util.IOUtilities.closeQuietly(Closeable)	6371	
2777073	1573	org.gjt.sp.jedit.EditPane.EditPane(View,Buffer,BufferSet.Scope)	191	119
	1575	org.gjt.sp.jedit.EditPane.propertiesChanged()	291	
	2135	org.gjt.sp.jedit.options.GutterOptionPane._init()	270	
	2136	org.gjt.sp.jedit.options.GutterOptionPane._save()	357	
	2141	org.gjt.sp.jedit.options.GutterOptionPane.isSelectionAreaEnabled()	2688	
	2082	org.gjt.sp.jedit.textarea.Gutter.Gutter(TextArea)	119	
	2091	org.gjt.sp.jedit.textarea.Gutter.setBorder(Border)	375	
	-1	org.gjt.sp.jedit.textarea.Gutter.setSelectonAreaEnabled(boolean)		
	-1	org.gjt.sp.jedit.textarea.Gutter.getLineCount()		
	2097	org.gjt.sp.jedit.textarea.Gutter.dispose()	376	
	2098	org.gjt.sp.jedit.textarea.Gutter.setFont(Font)	295	
	5116	org.gjt.sp.jedit.textarea.TextArea.dispose()	806	
2781716	2361	org.gjt.sp.jedit.search.HyperSearchResults.HighlightingTree.convertValueToText(Object,boolean,boolean,boolean,int,boolean)	611	611
2814857	5308	org.gjt.sp.jedit.textarea.TextArea.removeNotify()	150	150
2823909	6028	org.gjt.sp.jedit.View.updateFullScreenProps()	55	55
2824045	6029	org.gjt.sp.jedit.View.toggleFullScreen()	170	170
2842444	2321	org.gjt.sp.jedit.search.HyperSearchRequest.run()	1	1
	2338	org.gjt.sp.jedit.search.HyperSearchResults.HyperSearchResults(View)	23	
	2347	org.gjt.sp.jedit.search.HyperSearchResults.searchStarted()	2	
	2350	org.gjt.sp.jedit.search.HyperSearchResults.searchDone(DefaultMutableTreeNode,DefaultMutableTreeNode)	89	
	2359	org.gjt.sp.jedit.search.HyperSearchResults.ActionHandler.actionPerformed(ActionEvent)	48	
2844750	2446	org.gjt.sp.jedit.textarea.InputMethodSupport.paintValidLine(Graphics2D,int,int,int,int,int)	442	57
	2448	org.gjt.sp.jedit.textarea.InputMethodSupport.getLocationOffset(int,int)	1419	
	5475	org.gjt.sp.jedit.textarea.TextAreaPainter.PaintLineBackground.paintValidLine(Graphics2D,int,int,int,int,int)	147	
	5480	org.gjt.sp.jedit.textarea.TextAreaPainter.PaintText.paintValidLine(Graphics2D,int,int,int,int,int)	57	
2846169	1930	org.gjt.sp.jedit.buffer.FoldHandler.getPrecedingFoldLevels(JEditBuffer,int,Segment,int)	29	20
	2418	org.gjt.sp.jedit.buffer.IndentFoldHandler.getLeadingWhitespaceWidth(Segment,int)	2220	
	2419	org.gjt.sp.jedit.buffer.IndentFoldHandler.getFoldLevel(JEditBuffer,int,Segment)	107	
	2420	org.gjt.sp.jedit.buffer.IndentFoldHandler.getPrecedingFoldLevels(JEditBuffer,int,Segment,int)	51	
	2943	org.gjt.sp.jedit.buffer.JEditBuffer.getFoldLevel(int)	20	
2882702	2058	org.gjt.sp.jedit.GUIUtilities.getScreenBounds()	1769	725
	2060	org.gjt.sp.jedit.GUIUtilities.showPopupMenu(JPopupMenu,Component,int,int,boolean)	725	
	6059	org.gjt.sp.jedit.View.isInsideScreen(View,Rectangle)	2471	
2887515	52	org.gjt.sp.jedit.gui.AboutDialog.AboutDialog(View)	149	142
	56	org.gjt.sp.jedit.gui.AboutDialog.AboutPanel.handleKeyEvent(KeyEvent)	142	
	57	org.gjt.sp.jedit.gui.AboutDialog.AboutPanel.drain()	1526	
2887516	2338	org.gjt.sp.jedit.search.HyperSearchResults.HyperSearchResults(View)	64	1
	2367	org.gjt.sp.jedit.search.HyperSearchResults.MouseHandler.showPopupMenu(MouseEvent)	12	
	2376	org.gjt.sp.jedit.search.HyperSearchResults.CopyToClipboardAction.CopyToClipboardAction()	1	
	2377	org.gjt.sp.jedit.search.HyperSearchResults.CopyToClipboardAction.actionPerformed(ActionEvent)	36	
	2378	org.gjt.sp.jedit.search.HyperSearchResults.ToStringNodes.processNode(DefaultMutableTreeNode)	21	
	2390	org.gjt.sp.jedit.search.HyperSearchResults.ResultTreeTransferHandler.exportToClipboard(JComponent,Clipboard,int)	32	
2896464	2338	org.gjt.sp.jedit.search.HyperSearchResults.HyperSearchResults(View)	42	23
	2367	org.gjt.sp.jedit.search.HyperSearchResults.MouseHandler.showPopupMenu(MouseEvent)	44	
	2376	org.gjt.sp.jedit.search.HyperSearchResults.CopyToClipboardAction.CopyToClipboardAction()	23	
	2377	org.gjt.sp.jedit.search.HyperSearchResults.CopyToClipboardAction.actionPerformed(ActionEvent)	929	
	2378	org.gjt.sp.jedit.search.HyperSearchResults.ToStringNodes.processNode(DefaultMutableTreeNode)	26	
	2390	org.gjt.sp.jedit.search.HyperSearchResults.ResultTreeTransferHandler.exportToClipboard(JComponent,Clipboard,int)	651	
2911122	2606	org.gjt.sp.jedit.JARClassLoader.getResource(String)	33	33
